semana_inicio,semana_fim,terminal,preco
2018-11-05,2018-11-09,Suape,24.008156
2018-11-05,2018-11-09,Santos,24.480908
2018-11-12,2018-11-16,Suape,22.377560
2018-11-12,2018-11-16,Santos,22.838288
2018-11-17,2018-11-21,Suape,22.930861
2018-11-17,2018-11-21,Santos,23.410752
2018-11-26,2018-11-30,Suape,21.418197
2018-11-26,2018-11-30,Santos,21.872922
2018-12-03,2018-12-07,Suape,22.256000
2018-12-03,2018-12-07,Santos,22.672000
2018-12-10,2018-12-14,Suape,21.528000
2018-12-10,2018-12-14,Santos,21.944000
2018-12-17,2018-12-21,Suape,20.393200
2018-12-17,2018-12-21,Santos,20.845200
2018-12-24,2018-12-28,Suape,20.001235
2018-12-24,2018-12-28,Santos,20.464225
2018-12-31,2019-01-04,Suape,19.454422
2018-12-31,2019-01-04,Santos,19.857179
2019-01-07,2019-01-11,Suape,19.254310
2019-01-07,2019-01-11,Santos,19.636703
2019-01-14,2019-01-18,Suape,20.315480
2019-01-14,2019-01-18,Santos,20.704567
2019-01-21,2019-01-25,Suape,20.637500
2019-01-21,2019-01-25,Santos,20.995000
2019-01-28,2019-02-01,Suape,20.185980
2019-01-28,2019-02-01,Santos,20.508293
2019-02-04,2019-02-08,Suape,19.805682
2019-02-04,2019-02-08,Santos,20.154209
2019-02-11,2019-02-15,Suape,19.708000
2019-02-11,2019-02-15,Santos,20.020000
2019-02-18,2019-02-22,Suape,21.434004
2019-02-18,2019-02-22,Santos,21.800812
2019-02-25,2019-03-01,Suape,21.193895
2019-02-25,2019-03-01,Santos,21.565266
2019-03-04,2019-03-08,Suape,21.087799
2019-03-04,2019-03-08,Santos,21.466594
2019-03-11,2019-03-15,Suape,21.390840
2019-03-11,2019-03-15,Santos,21.763898
2019-03-18,2019-03-22,Suape,21.398000
2019-03-18,2019-03-22,Santos,21.866000
2019-03-25,2019-03-29,Suape,21.326196
2019-03-25,2019-03-29,Santos,21.842253
2019-04-01,2019-04-05,Suape,21.113813
2019-04-01,2019-04-05,Santos,21.646344
2019-04-08,2019-04-12,Suape,21.540241
2019-04-08,2019-04-12,Santos,22.103357
2019-04-14,2019-04-18,Suape,22.044649
2019-04-14,2019-04-18,Santos,22.664321
2019-04-22,2019-04-26,Suape,22.247154
2019-04-22,2019-04-26,Santos,22.875360
2019-04-29,2019-05-03,Suape,22.457500
2019-04-29,2019-05-03,Santos,23.107500
2019-05-06,2019-05-10,Suape,20.702500
2019-05-06,2019-05-10,Santos,21.385000
2019-05-13,2019-05-17,Suape,21.494239
2019-05-13,2019-05-17,Santos,22.156570
2019-05-20,2019-05-24,Suape,20.954862
2019-05-20,2019-05-24,Santos,21.690288
2019-05-27,2019-05-31,Suape,20.157598
2019-05-27,2019-05-31,Santos,20.923422
2019-06-03,2019-06-07,Suape,17.342000
2019-06-03,2019-06-07,Santos,18.122000
2019-06-10,2019-06-14,Suape,16.328000
2019-06-10,2019-06-14,Santos,17.108000
2019-06-17,2019-06-21,Suape,17.264000
2019-06-17,2019-06-21,Santos,18.122000
2019-06-24,2019-06-28,Suape,18.011600
2019-06-24,2019-06-28,Santos,18.907200
2019-07-01,2019-07-05,Suape,17.808000
2019-07-01,2019-07-05,Santos,18.705000
2019-07-08,2019-07-12,Suape,17.420000
2019-07-08,2019-07-12,Santos,18.304000
2019-07-15,2019-07-19,Suape,17.544400
2019-07-15,2019-07-19,Santos,18.271200
2019-07-22,2019-07-26,Suape,15.928300
2019-07-22,2019-07-26,Santos,16.608200
2019-07-29,2019-08-02,Suape,17.238000
2019-07-29,2019-08-02,Santos,17.836000
2019-08-05,2019-08-09,Suape,16.770000
2019-08-05,2019-08-09,Santos,17.420000
2019-08-12,2019-08-16,Suape,16.562000
2019-08-12,2019-08-16,Santos,17.212000
2019-08-19,2019-08-23,Suape,16.614000
2019-08-19,2019-08-23,Santos,17.290000
2019-08-26,2019-08-30,Suape,17.992000
2019-08-26,2019-08-30,Santos,18.694000
2019-09-02,2019-09-06,Suape,17.914000
2019-09-02,2019-09-06,Santos,18.694000
2019-09-09,2019-09-13,Suape,18.044000
2019-09-09,2019-09-13,Santos,18.746000
2019-09-16,2019-09-20,Suape,19.110000
2019-09-16,2019-09-20,Santos,19.838000
2019-09-23,2019-09-27,Suape,20.228000
2019-09-23,2019-09-27,Santos,21.060000
2019-09-30,2019-10-04,Suape,19.968000
2019-09-30,2019-10-04,Santos,20.852000
2019-10-07,2019-10-11,Suape,20.904000
2019-10-07,2019-10-11,Santos,21.762000
2019-10-14,2019-10-18,Suape,21.294000
2019-10-14,2019-10-18,Santos,22.152000
2019-10-21,2019-10-25,Suape,21.060000
2019-10-21,2019-10-25,Santos,21.866000
2019-10-28,2019-11-01,Suape,21.554000
2019-10-28,2019-11-01,Santos,22.438000
2019-11-04,2019-11-08,Suape,21.762000
2019-11-04,2019-11-08,Santos,22.646000
2019-11-11,2019-11-15,Suape,23.634000
2019-11-11,2019-11-15,Santos,24.596000
2019-11-18,2019-11-22,Suape,23.868000
2019-11-18,2019-11-22,Santos,24.804000
2019-11-25,2019-11-29,Suape,24.271000
2019-11-25,2019-11-29,Santos,25.220000
2019-12-02,2019-12-06,Suape,23.686000
2019-12-02,2019-12-06,Santos,24.570000
2019-12-09,2019-12-13,Suape,23.530000
2019-12-09,2019-12-13,Santos,24.362000
2019-12-16,2019-12-20,Suape,25.012000
2019-12-16,2019-12-20,Santos,25.870000
2019-12-23,2019-12-27,Suape,25.155000
2019-12-23,2019-12-27,Santos,25.974000
2019-12-30,2020-01-03,Suape,24.960000
2019-12-30,2020-01-03,Santos,25.675000
2020-01-06,2020-01-10,Suape,24.128000
2020-01-06,2020-01-10,Santos,24.882000
2020-01-13,2020-01-17,Suape,24.960000
2020-01-13,2020-01-17,Santos,25.896000
2020-01-20,2020-01-24,Suape,24.024000
2020-01-20,2020-01-24,Santos,25.064000
2020-01-27,2020-01-31,Suape,22.438000
2020-01-27,2020-01-31,Santos,23.400000
2020-02-03,2020-02-07,Suape,20.618000
2020-02-03,2020-02-07,Santos,21.580000
2020-02-10,2020-02-14,Suape,20.046000
2020-02-10,2020-02-14,Santos,20.982000
2020-02-17,2020-02-21,Suape,21.619000
2020-02-17,2020-02-21,Santos,22.490000
2020-02-24,2020-02-28,Suape,21.190000
2020-02-24,2020-02-28,Santos,22.074000
2020-03-02,2020-03-06,Suape,20.748000
2020-03-02,2020-03-06,Santos,21.606000
2020-03-09,2020-03-13,Suape,18.382000
2020-03-09,2020-03-13,Santos,19.136000
2020-03-16,2020-03-20,Suape,16.432000
2020-03-16,2020-03-20,Santos,17.212000
2020-03-23,2020-03-27,Suape,13.806000
2020-03-23,2020-03-27,Santos,14.560000
2020-03-30,2020-04-03,Suape,14.508000
2020-03-30,2020-04-03,Santos,15.158000
2020-04-06,2020-04-09,Suape,16.289000
2020-04-06,2020-04-09,Santos,17.030000
2020-04-13,2020-04-17,Suape,18.668000
2020-04-13,2020-04-17,Santos,19.448000
2020-04-20,2020-04-24,Suape,20.332000
2020-04-20,2020-04-24,Santos,21.346000
2020-04-27,2020-05-01,Suape,19.292000
2020-04-27,2020-05-01,Santos,20.228000
2020-05-04,2020-05-08,Suape,19.422000
2020-05-04,2020-05-08,Santos,20.306000
2020-05-11,2020-05-15,Suape,21.008000
2020-05-11,2020-05-15,Santos,21.840000
2020-05-18,2020-05-22,Suape,21.996000
2020-05-18,2020-05-22,Santos,22.620000
2020-05-25,2020-05-29,Suape,20.709000
2020-05-25,2020-05-29,Santos,21.229000
2020-06-01,2020-06-05,Suape,21.294000
2020-06-01,2020-06-05,Santos,21.788000
2020-06-08,2020-06-12,Suape,20.748000
2020-06-08,2020-06-12,Santos,21.190000
2020-06-15,2020-06-19,Suape,21.502000
2020-06-15,2020-06-19,Santos,21.918000
2020-06-22,2020-06-26,Suape,21.606000
2020-06-22,2020-06-26,Santos,22.022000
2020-06-29,2020-07-02,Suape,21.554000
2020-06-29,2020-07-02,Santos,22.165000
2020-07-06,2020-07-10,Suape,21.814000
2020-07-06,2020-07-10,Santos,22.282000
2020-07-13,2020-07-17,Suape,22.100000
2020-07-13,2020-07-17,Santos,22.594000
2020-07-20,2020-07-24,Suape,22.594000
2020-07-20,2020-07-24,Santos,23.088000
2020-07-27,2020-07-31,Suape,22.880000
2020-07-27,2020-07-31,Santos,23.452000
2020-08-03,2020-08-07,Suape,24.388000
2020-08-03,2020-08-07,Santos,25.116000
2020-08-10,2020-08-14,Suape,24.648000
2020-08-10,2020-08-14,Santos,25.298000
2020-08-17,2020-08-21,Suape,25.168000
2020-08-17,2020-08-21,Santos,25.844000
2020-08-24,2020-08-28,Suape,25.350000
2020-08-24,2020-08-28,Santos,26.052000
2020-08-31,2020-09-04,Suape,24.648000
2020-08-31,2020-09-04,Santos,25.350000
2020-09-07,2020-09-11,Suape,23.179000
2020-09-07,2020-09-11,Santos,23.855000
2020-09-14,2020-09-18,Suape,24.856000
2020-09-14,2020-09-18,Santos,25.532000
2020-09-21,2020-09-25,Suape,25.974000
2020-09-21,2020-09-25,Santos,26.702000
2020-09-28,2020-10-02,Suape,26.390000
2020-09-28,2020-10-02,Santos,27.118000
2020-10-05,2020-10-09,Suape,26.676000
2020-10-05,2020-10-09,Santos,27.430000
2020-10-12,2020-10-16,Suape,28.548000
2020-10-12,2020-10-16,Santos,29.354000
2020-10-19,2020-10-23,Suape,29.354000
2020-10-19,2020-10-23,Santos,30.134000
2020-10-26,2020-10-30,Suape,29.822000
2020-10-26,2020-10-30,Santos,30.628000
2020-11-02,2020-11-06,Suape,30.576000
2020-11-02,2020-11-06,Santos,31.382000
2020-11-09,2020-11-13,Suape,30.498000
2020-11-09,2020-11-13,Santos,31.330000
2020-11-16,2020-11-20,Suape,29.510000
2020-11-16,2020-11-20,Santos,30.290000
2020-11-23,2020-11-25,Suape,30.381000
2020-11-23,2020-11-25,Santos,31.291000
2020-11-30,2020-12-04,Suape,30.966000
2020-11-30,2020-12-04,Santos,31.928000
2020-12-07,2020-12-11,Suape,31.226000
2020-12-07,2020-12-11,Santos,32.318000
2020-12-14,2020-12-18,Suape,32.708000
2020-12-14,2020-12-18,Santos,33.904000
2020-12-21,2020-12-24,Suape,35.165000
2020-12-21,2020-12-24,Santos,36.335000
2020-12-28,2020-12-31,Suape,37.089000
2020-12-28,2020-12-31,Santos,38.285000
2021-01-04,2021-01-08,Suape,38.714000
2021-01-04,2021-01-08,Santos,39.884000
2021-01-11,2021-01-15,Suape,41.054000
2021-01-11,2021-01-15,Santos,42.302000
2021-01-18,2021-01-22,Suape,39.715000
2021-01-18,2021-01-22,Santos,40.859000
2021-01-25,2021-01-29,Suape,38.350000
2021-01-25,2021-01-29,Santos,39.208000
2021-02-01,2021-02-05,Suape,36.712000
2021-02-01,2021-02-05,Santos,37.466000
2021-02-08,2021-02-12,Suape,36.114000
2021-02-08,2021-02-12,Santos,36.790000
2021-02-15,2021-02-19,Suape,38.870000
2021-02-15,2021-02-19,Santos,39.559000
2021-02-22,2021-02-26,Suape,39.624000
2021-02-22,2021-02-26,Santos,40.248000
2021-03-01,2021-03-05,Suape,41.184000
2021-03-01,2021-03-05,Santos,41.730000
2021-03-08,2021-03-12,Suape,40.222000
2021-03-08,2021-03-12,Santos,40.742000
2021-03-15,2021-03-19,Suape,39.286000
2021-03-15,2021-03-19,Santos,39.832000
2021-03-22,2021-03-26,Suape,38.220000
2021-03-22,2021-03-26,Santos,38.792000
2021-03-29,2021-04-01,Suape,40.794000
2021-03-29,2021-04-01,Santos,41.444000
2021-04-05,2021-04-09,Suape,40.274000
2021-04-05,2021-04-09,Santos,40.976000
2021-04-12,2021-04-16,Suape,36.296000
2021-04-12,2021-04-16,Santos,37.024000
2021-04-19,2021-04-23,Suape,33.956000
2021-04-19,2021-04-23,Santos,34.632000
2021-04-26,2021-04-30,Suape,35.646000
2021-04-26,2021-04-30,Santos,36.374000
2021-05-03,2021-05-07,Suape,35.100000
2021-05-03,2021-05-07,Santos,35.776000
2021-05-10,2021-05-14,Suape,34.268000
2021-05-10,2021-05-14,Santos,34.944000
2021-05-17,2021-05-21,Suape,35.178000
2021-05-17,2021-05-21,Santos,35.880000
2021-05-24,2021-05-28,Suape,36.218000
2021-05-24,2021-05-28,Santos,36.920000
2021-05-31,2021-06-04,Suape,36.634000
2021-05-31,2021-06-04,Santos,37.284000
2021-06-07,2021-06-11,Suape,37.596000
2021-06-07,2021-06-11,Santos,38.272000
2021-06-14,2021-06-18,Suape,38.012000
2021-06-14,2021-06-18,Santos,38.662000
2021-06-21,2021-06-25,Suape,38.922000
2021-06-21,2021-06-25,Santos,39.572000
2021-06-28,2021-07-02,Suape,41.392000
2021-06-28,2021-07-02,Santos,42.042000
2021-07-05,2021-07-09,Suape,44.200000
2021-07-05,2021-07-09,Santos,44.785000
2021-07-12,2021-07-16,Suape,43.212000
2021-07-12,2021-07-16,Santos,43.810000
2021-07-19,2021-07-23,Suape,43.134000
2021-07-19,2021-07-23,Santos,43.706000
2021-07-26,2021-07-30,Suape,43.940000
2021-07-26,2021-07-30,Santos,44.564000
2021-08-02,2021-08-06,Suape,44.590000
2021-08-02,2021-08-06,Santos,45.136000
2021-08-09,2021-08-13,Suape,45.240000
2021-08-09,2021-08-13,Santos,45.890000
2021-08-16,2021-08-20,Suape,47.528000
2021-08-16,2021-08-20,Santos,48.178000
2021-08-23,2021-08-27,Suape,45.656000
2021-08-23,2021-08-27,Santos,46.306000
2021-08-30,2021-09-03,Suape,46.904000
2021-08-30,2021-09-03,Santos,47.606000
2021-09-06,2021-09-10,Suape,48.724000
2021-09-06,2021-09-10,Santos,49.374000
2021-09-13,2021-09-17,Suape,50.388000
2021-09-13,2021-09-17,Santos,50.986000
2021-09-20,2021-09-24,Suape,53.222000
2021-09-20,2021-09-24,Santos,53.872000
2021-09-27,2021-10-01,Suape,56.706000
2021-09-27,2021-10-01,Santos,57.330000
2021-10-04,2021-10-08,Suape,60.632000
2021-10-04,2021-10-08,Santos,61.308000
2021-10-11,2021-10-15,Suape,60.138000
2021-10-11,2021-10-15,Santos,60.866000
2021-10-18,2021-10-22,Suape,61.724000
2021-10-18,2021-10-22,Santos,62.400000
2021-10-25,2021-10-29,Suape,59.722000
2021-10-25,2021-10-29,Santos,60.424000
2021-11-01,2021-11-05,Suape,60.398000
2021-11-01,2021-11-05,Santos,61.152000
2021-11-08,2021-11-12,Suape,59.358000
2021-11-08,2021-11-12,Santos,60.164000
2021-11-15,2021-11-19,Suape,53.794000
2021-11-15,2021-11-19,Santos,54.652000
2021-11-22,2021-11-24,Suape,52.130000
2021-11-22,2021-11-24,Santos,53.040000
2021-11-29,2021-12-03,Suape,49.842000
2021-11-29,2021-12-03,Santos,50.726000
2021-12-06,2021-12-10,Suape,46.644000
2021-12-06,2021-12-10,Santos,47.476000
2021-12-13,2021-12-17,Suape,49.868000
2021-12-13,2021-12-17,Santos,50.830000
2021-12-20,2021-12-23,Suape,48.464000
2021-12-20,2021-12-23,Santos,49.439000
2021-12-27,2021-12-30,Suape,50.804000
2021-12-27,2021-12-30,Santos,51.779000
2022-01-03,2022-01-07,Suape,52.962000
2022-01-03,2022-01-07,Santos,53.872000
2022-01-10,2022-01-14,Suape,53.872000
2022-01-10,2022-01-14,Santos,55.016000
2022-01-17,2022-01-21,Suape,52.169000
2022-01-17,2022-01-21,Santos,53.300000
2022-01-24,2022-01-28,Suape,52.208000
2022-01-24,2022-01-28,Santos,53.248000
2022-01-31,2022-02-04,Suape,54.002000
2022-01-31,2022-02-04,Santos,55.016000
2022-02-07,2022-02-11,Suape,50.856000
2022-02-07,2022-02-11,Santos,51.766000
2022-02-14,2022-02-18,Suape,51.038000
2022-02-14,2022-02-18,Santos,51.870000
2022-02-21,2022-02-25,Suape,53.404000
2022-02-21,2022-02-25,Santos,54.145000
2022-02-28,2022-03-04,Suape,56.212000
2022-02-28,2022-03-04,Santos,56.992000
2022-03-07,2022-03-11,Suape,59.852000
2022-03-07,2022-03-11,Santos,60.632000
2022-03-14,2022-03-18,Suape,53.248000
2022-03-14,2022-03-18,Santos,54.184000
2022-03-21,2022-03-25,Suape,53.872000
2022-03-21,2022-03-25,Santos,54.730000
2022-03-28,2022-04-01,Suape,52.962000
2022-03-28,2022-04-01,Santos,53.872000
2022-04-04,2022-04-08,Suape,48.984000
2022-04-04,2022-04-08,Santos,49.946000
2022-04-11,2022-04-14,Suape,48.815000
2022-04-11,2022-04-14,Santos,49.829000
2022-04-18,2022-04-22,Suape,49.816000
2022-04-18,2022-04-22,Santos,50.908000
2022-04-25,2022-04-29,Suape,50.778000
2022-04-25,2022-04-29,Santos,51.922000
2022-05-02,2022-05-06,Suape,51.454000
2022-05-02,2022-05-06,Santos,51.974000
2022-05-09,2022-05-13,Suape,51.090000
2022-05-09,2022-05-13,Santos,51.610000
2022-05-16,2022-05-20,Suape,48.802000
2022-05-16,2022-05-20,Santos,49.400000
2022-05-23,2022-05-27,Suape,47.216000
2022-05-23,2022-05-27,Santos,47.788000
2022-05-30,2022-06-03,Suape,48.295000
2022-05-30,2022-06-03,Santos,48.880000
2022-06-06,2022-06-10,Suape,48.828000
2022-06-06,2022-06-10,Santos,49.374000
2022-06-13,2022-06-17,Suape,49.088000
2022-06-13,2022-06-17,Santos,49.634000
2022-06-20,2022-06-24,Suape,49.569000
2022-06-20,2022-06-24,Santos,50.050000
2022-06-27,2022-07-01,Suape,49.998000
2022-06-27,2022-07-01,Santos,50.544000
2022-07-04,2022-07-08,Suape,50.024000
2022-07-04,2022-07-08,Santos,50.544000
2022-07-11,2022-07-15,Suape,48.776000
2022-07-11,2022-07-15,Santos,49.296000
2022-07-18,2022-07-22,Suape,48.178000
2022-07-18,2022-07-22,Santos,48.672000
2022-07-25,2022-07-29,Suape,46.436000
2022-07-25,2022-07-29,Santos,46.878000
2022-08-01,2022-08-05,Suape,44.954000
2022-08-01,2022-08-05,Santos,45.422000
2022-08-08,2022-08-12,Suape,42.822000
2022-08-08,2022-08-12,Santos,43.264000
2022-08-15,2022-08-19,Suape,43.108000
2022-08-15,2022-08-19,Santos,43.524000
2022-08-22,2022-08-26,Suape,43.836000
2022-08-22,2022-08-26,Santos,44.252000
2022-08-29,2022-09-02,Suape,43.992000
2022-08-29,2022-09-02,Santos,44.434000
2022-09-05,2022-09-09,Suape,43.095000
2022-09-05,2022-09-09,Santos,43.615000
2022-09-12,2022-09-16,Suape,42.146000
2022-09-12,2022-09-16,Santos,42.640000
2022-09-19,2022-09-23,Suape,40.352000
2022-09-19,2022-09-23,Santos,40.846000
2022-09-26,2022-09-30,Suape,38.688000
2022-09-26,2022-09-30,Santos,39.234000
2022-10-03,2022-10-07,Suape,38.012000
2022-10-03,2022-10-07,Santos,38.532000
2022-10-10,2022-10-14,Suape,37.570000
2022-10-10,2022-10-14,Santos,38.116000
2022-10-17,2022-10-21,Suape,36.296000
2022-10-17,2022-10-21,Santos,36.868000
2022-10-24,2022-10-28,Suape,37.986000
2022-10-24,2022-10-28,Santos,38.584000
2022-10-31,2022-11-04,Suape,39.000000
2022-10-31,2022-11-04,Santos,39.728000
2022-11-07,2022-11-11,Suape,41.730000
2022-11-07,2022-11-11,Santos,42.536000
2022-11-14,2022-11-18,Suape,42.744000
2022-11-14,2022-11-18,Santos,43.654000
2022-11-21,2022-11-25,Suape,41.379000
2022-11-21,2022-11-25,Santos,42.211000
2022-11-28,2022-12-02,Suape,39.416000
2022-11-28,2022-12-02,Santos,40.352000
2022-12-05,2022-12-09,Suape,38.272000
2022-12-05,2022-12-09,Santos,39.338000
2022-12-12,2022-12-16,Suape,39.130000
2022-12-12,2022-12-16,Santos,40.196000
2022-12-19,2022-12-23,Suape,36.374000
2022-12-19,2022-12-23,Santos,37.310000
2022-12-26,2022-12-30,Suape,36.114000
2022-12-26,2022-12-30,Santos,36.790000
2023-01-02,2023-01-06,Suape,37.180000
2023-01-02,2023-01-06,Santos,37.804000
2023-01-09,2023-01-13,Suape,37.362000
2023-01-09,2023-01-13,Santos,37.908000
2023-01-16,2023-01-20,Suape,40.209000
2023-01-16,2023-01-20,Santos,40.729000
2023-01-23,2023-01-27,Suape,41.756000
2023-01-23,2023-01-27,Santos,42.224000
2023-01-30,2023-02-03,Suape,41.262000
2023-01-30,2023-02-03,Santos,41.886000
2023-02-06,2023-02-10,Suape,41.444000
2023-02-06,2023-02-10,Santos,42.094000
2023-02-13,2023-02-17,Suape,41.366000
2023-02-13,2023-02-17,Santos,41.990000
2023-02-20,2023-02-24,Suape,41.769000
2023-02-20,2023-02-24,Santos,42.445000
2023-02-27,2023-03-03,Suape,42.510000
2023-02-27,2023-03-03,Santos,43.212000
2023-03-06,2023-03-10,Suape,40.612000
2023-03-06,2023-03-10,Santos,41.262000
2023-03-13,2023-03-17,Suape,36.972000
2023-03-13,2023-03-17,Santos,37.622000
2023-03-20,2023-03-24,Suape,35.698000
2023-03-20,2023-03-24,Santos,36.322000
2023-03-27,2023-03-31,Suape,35.724000
2023-03-27,2023-03-31,Santos,36.322000
2023-04-03,2023-04-07,Suape,35.269000
2023-04-03,2023-04-07,Santos,35.789000
2023-04-10,2023-04-14,Suape,35.620000
2023-04-10,2023-04-14,Santos,36.192000
2023-04-17,2023-04-21,Suape,35.906000
2023-04-17,2023-04-21,Santos,36.504000
2023-04-24,2023-04-28,Suape,34.814000
2023-04-24,2023-04-28,Santos,35.438000
2023-05-01,2023-05-05,Suape,30.732000
2023-05-01,2023-05-05,Santos,31.330000
2023-05-08,2023-05-12,Suape,30.498000
2023-05-08,2023-05-12,Santos,31.070000
2023-05-15,2023-05-19,Suape,29.406000
2023-05-15,2023-05-19,Santos,30.030000
2023-05-22,2023-05-26,Suape,30.238000
2023-05-22,2023-05-26,Santos,30.940000
2023-05-29,2023-06-02,Suape,29.224000
2023-05-29,2023-06-02,Santos,29.900000
2023-06-05,2023-06-09,Suape,28.730000
2023-06-05,2023-06-09,Santos,29.406000
2023-06-12,2023-06-16,Suape,26.494000
2023-06-12,2023-06-16,Santos,27.144000
2023-06-19,2023-06-23,Suape,26.754000
2023-06-19,2023-06-23,Santos,27.404000
2023-06-26,2023-06-30,Suape,27.040000
2023-06-26,2023-06-30,Santos,27.794000
2023-07-03,2023-07-07,Suape,26.741000
2023-07-03,2023-07-07,Santos,27.430000
2023-07-10,2023-07-14,Suape,29.276000
2023-07-10,2023-07-14,Santos,29.952000
2023-07-17,2023-07-21,Suape,30.368000
2023-07-17,2023-07-21,Santos,31.096000
2023-07-24,2023-07-28,Suape,30.524000
2023-07-24,2023-07-28,Santos,31.226000
2023-07-31,2023-08-04,Suape,33.462000
2023-07-31,2023-08-04,Santos,34.138000
2023-08-07,2023-08-11,Suape,34.762000
2023-08-07,2023-08-11,Santos,35.490000
2023-08-14,2023-08-18,Suape,34.398000
2023-08-14,2023-08-18,Santos,35.074000
2023-08-21,2023-08-25,Suape,33.722000
2023-08-21,2023-08-25,Santos,34.450000
2023-08-28,2023-09-01,Suape,35.672000
2023-08-28,2023-09-01,Santos,36.374000
2023-09-04,2023-09-08,Suape,38.909000
2023-09-04,2023-09-08,Santos,39.715000
2023-09-11,2023-09-15,Suape,39.702000
2023-09-11,2023-09-15,Santos,40.612000
2023-09-18,2023-09-22,Suape,38.662000
2023-09-18,2023-09-22,Santos,39.598000
2023-09-25,2023-09-29,Suape,39.338000
2023-09-25,2023-09-29,Santos,40.352000
2023-10-02,2023-10-06,Suape,38.064000
2023-10-02,2023-10-06,Santos,39.000000
2023-10-09,2023-10-13,Suape,36.998000
2023-10-09,2023-10-13,Santos,37.882000
2023-10-16,2023-10-20,Suape,36.660000
2023-10-16,2023-10-20,Santos,37.492000
2023-10-23,2023-10-27,Suape,36.634000
2023-10-23,2023-10-27,Santos,37.466000
2023-10-30,2023-11-03,Suape,37.960000
2023-10-30,2023-11-03,Santos,38.870000
2023-11-06,2023-11-10,Suape,37.570000
2023-11-06,2023-11-10,Santos,38.506000
2023-11-13,2023-11-17,Suape,35.646000
2023-11-13,2023-11-17,Santos,36.634000
2023-11-20,2023-11-24,Suape,35.061000
2023-11-20,2023-11-24,Santos,36.101000
2023-11-27,2023-12-01,Suape,35.126000
2023-11-27,2023-12-01,Santos,36.036000
2023-12-04,2023-12-08,Suape,36.244000
2023-12-04,2023-12-08,Santos,37.050000
2023-12-11,2023-12-15,Suape,35.412000
2023-12-11,2023-12-15,Santos,36.218000
2023-12-18,2023-12-22,Suape,35.594000
2023-12-18,2023-12-22,Santos,36.426000
2023-12-25,2023-12-29,Suape,36.205000
2023-12-25,2023-12-29,Santos,37.024000
2024-01-01,2024-01-05,Suape,36.140000
2024-01-01,2024-01-05,Santos,36.985000
2024-01-08,2024-01-12,Suape,36.062000
2024-01-08,2024-01-12,Santos,36.842000
2024-01-15,2024-01-19,Suape,37.284000
2024-01-15,2024-01-19,Santos,37.765000
2024-01-22,2024-01-26,Suape,37.700000
2024-01-22,2024-01-26,Santos,38.168000
2024-01-29,2024-02-02,Suape,37.284000
2024-01-29,2024-02-02,Santos,37.674000
2024-02-05,2024-02-09,Suape,37.596000
2024-02-05,2024-02-09,Santos,37.960000
2024-02-12,2024-02-16,Suape,37.544000
2024-02-12,2024-02-16,Santos,37.882000
2024-02-19,2024-02-23,Suape,37.609000
2024-02-19,2024-02-23,Santos,38.025000
2024-02-26,2024-03-01,Suape,36.400000
2024-02-26,2024-03-01,Santos,36.894000
2024-03-04,2024-03-08,Suape,34.736000
2024-03-04,2024-03-08,Santos,35.204000
2024-03-11,2024-03-15,Suape,34.762000
2024-03-11,2024-03-15,Santos,35.334000
2024-03-18,2024-03-22,Suape,36.140000
2024-03-18,2024-03-22,Santos,36.712000
2024-03-25,2024-03-29,Suape,36.075000
2024-03-25,2024-03-29,Santos,36.595000
2024-04-01,2024-04-05,Suape,36.868000
2024-04-01,2024-04-05,Santos,37.414000
2024-04-08,2024-04-12,Suape,36.218000
2024-04-08,2024-04-12,Santos,36.738000
2024-04-15,2024-04-19,Suape,35.906000
2024-04-15,2024-04-19,Santos,36.426000
2024-04-22,2024-04-26,Suape,35.022000
2024-04-22,2024-04-26,Santos,35.542000
2024-04-29,2024-05-03,Suape,34.528000
2024-04-29,2024-05-03,Santos,35.074000
2024-05-06,2024-05-10,Suape,32.318000
2024-05-06,2024-05-10,Santos,32.890000
2024-05-13,2024-05-17,Suape,32.890000
2024-05-13,2024-05-17,Santos,33.514000
2024-05-20,2024-05-24,Suape,33.826000
2024-05-20,2024-05-24,Santos,34.450000
2024-05-27,2024-05-31,Suape,35.854000
2024-05-27,2024-05-31,Santos,36.504000
2024-06-03,2024-06-07,Suape,35.308000
2024-06-03,2024-06-07,Santos,35.958000
2024-06-10,2024-06-14,Suape,37.960000
2024-06-10,2024-06-14,Santos,38.610000
2024-06-17,2024-06-21,Suape,38.805000
2024-06-17,2024-06-21,Santos,39.364000
2024-06-24,2024-06-28,Suape,40.144000
2024-06-24,2024-06-28,Santos,40.716000
2024-07-01,2024-07-05,Suape,42.731000
2024-07-01,2024-07-05,Santos,43.251000
2024-07-08,2024-07-12,Suape,41.106000
2024-07-08,2024-07-12,Santos,41.522000
2024-07-15,2024-07-19,Suape,40.846000
2024-07-15,2024-07-19,Santos,41.340000
2024-07-22,2024-07-26,Suape,42.536000
2024-07-22,2024-07-26,Santos,43.004000
2024-07-29,2024-08-02,Suape,43.030000
2024-07-29,2024-08-02,Santos,43.446000
2024-08-05,2024-08-09,Suape,41.808000
2024-08-05,2024-08-09,Santos,42.224000
2024-08-12,2024-08-16,Suape,42.744000
2024-08-12,2024-08-16,Santos,43.238000
2024-08-19,2024-08-23,Suape,43.342000
2024-08-19,2024-08-23,Santos,43.862000
2024-08-26,2024-08-30,Suape,44.148000
2024-08-26,2024-08-30,Santos,44.694000
2024-09-02,2024-09-06,Suape,42.939000
2024-09-02,2024-09-06,Santos,43.524000
2024-09-09,2024-09-13,Suape,41.444000
2024-09-09,2024-09-13,Santos,41.990000
2024-09-16,2024-09-20,Suape,41.678000
2024-09-16,2024-09-20,Santos,42.172000
2024-09-23,2024-09-27,Suape,41.080000
2024-09-23,2024-09-27,Santos,41.444000
2024-09-30,2024-10-04,Suape,44.590000
2024-09-30,2024-10-04,Santos,44.980000
2024-10-07,2024-10-11,Suape,48.568000
2024-10-07,2024-10-11,Santos,48.958000
2024-10-14,2024-10-18,Suape,48.022000
2024-10-14,2024-10-18,Santos,48.490000
2024-10-21,2024-10-25,Suape,46.748000
2024-10-21,2024-10-25,Santos,47.294000
2024-10-28,2024-11-01,Suape,48.594000
2024-10-28,2024-11-01,Santos,49.140000
2024-11-04,2024-11-08,Suape,48.698000
2024-11-04,2024-11-08,Santos,49.218000
2024-11-11,2024-11-15,Suape,48.438000
2024-11-11,2024-11-15,Santos,49.010000
2024-11-18,2024-11-22,Suape,45.266000
2024-11-18,2024-11-22,Santos,45.786000
2024-11-25,2024-11-29,Suape,46.709000
2024-11-25,2024-11-29,Santos,47.229000
2024-12-02,2024-12-06,Suape,46.670000
2024-12-02,2024-12-06,Santos,47.190000
2024-12-09,2024-12-13,Suape,46.306000
2024-12-09,2024-12-13,Santos,46.852000
2024-12-16,2024-12-20,Suape,48.100000
2024-12-16,2024-12-20,Santos,48.750000
2024-12-23,2024-12-27,Suape,48.789000
2024-12-23,2024-12-27,Santos,49.374000
2024-12-30,2025-01-03,Suape,50.414000
2024-12-30,2025-01-03,Santos,50.999000
2025-01-06,2025-01-10,Suape,51.402000
2025-01-06,2025-01-10,Santos,52.000000
2025-01-13,2025-01-17,Suape,51.168000
2025-01-13,2025-01-17,Santos,51.740000
2025-01-20,2025-01-24,Suape,48.334000
2025-01-20,2025-01-24,Santos,48.854000
2025-01-27,2025-01-31,Suape,46.332000
2025-01-27,2025-01-31,Santos,46.800000
2025-02-03,2025-02-07,Suape,45.474000
2025-02-03,2025-02-07,Santos,45.968000
2025-02-10,2025-02-14,Suape,45.136000
2025-02-10,2025-02-14,Santos,45.578000
2025-02-17,2025-02-21,Suape,43.719000
2025-02-17,2025-02-21,Santos,44.200000
2025-02-24,2025-02-28,Suape,44.564000
2025-02-24,2025-02-28,Santos,44.980000
2025-03-03,2025-03-07,Suape,43.368000
2025-03-03,2025-03-07,Santos,43.888000
2025-03-10,2025-03-14,Suape,41.574000
2025-03-10,2025-03-14,Santos,41.990000
2025-03-17,2025-03-21,Suape,41.418000
2025-03-17,2025-03-21,Santos,41.938000
2025-03-24,2025-03-28,Suape,43.290000
2025-03-24,2025-03-28,Santos,43.784000
2025-03-31,2025-04-04,Suape,42.744000
2025-03-31,2025-04-04,Santos,43.238000
2025-04-07,2025-04-11,Suape,37.804000
2025-04-07,2025-04-11,Santos,38.246000
2025-04-14,2025-04-18,Suape,39.000000
2025-04-14,2025-04-18,Santos,39.390000
2025-04-21,2025-04-25,Suape,39.364000
2025-04-21,2025-04-25,Santos,39.832000
2025-04-28,2025-05-02,Suape,39.832000
2025-04-28,2025-05-02,Santos,40.274000
2025-05-05,2025-05-09,Suape,34.580000
2025-05-05,2025-05-09,Santos,35.048000
2025-05-12,2025-05-16,Suape,36.322000
2025-05-12,2025-05-16,Santos,36.842000
2025-05-19,2025-05-23,Suape,36.192000
2025-05-19,2025-05-23,Santos,36.712000
2025-05-26,2025-05-30,Suape,35.464000
2025-05-26,2025-05-30,Santos,35.984000
2025-06-02,2025-06-06,Suape,34.710000
2025-06-02,2025-06-06,Santos,35.230000
2025-06-09,2025-06-13,Suape,35.386000
2025-06-09,2025-06-13,Santos,35.906000
2025-06-16,2025-06-20,Suape,37.544000
2025-06-16,2025-06-20,Santos,38.090000
2025-06-23,2025-06-27,Suape,36.244000
2025-06-23,2025-06-27,Santos,36.816000
2025-06-30,2025-07-04,Suape,34.125000
2025-06-30,2025-07-04,Santos,34.749000
2025-07-07,2025-07-11,Suape,35.308000
2025-07-07,2025-07-11,Santos,35.958000
2025-07-14,2025-07-18,Suape,35.412000
2025-07-14,2025-07-18,Santos,36.062000
2025-07-21,2025-07-25,Suape,34.736000
2025-07-21,2025-07-25,Santos,35.386000
2025-07-28,2025-08-01,Suape,35.880000
2025-07-28,2025-08-01,Santos,36.530000
2025-08-04,2025-08-08,Suape,34.216000
2025-08-04,2025-08-08,Santos,34.866000
2025-08-11,2025-08-15,Suape,33.670000
2025-08-11,2025-08-15,Santos,34.346000
2025-08-18,2025-08-22,Suape,34.086000
2025-08-18,2025-08-22,Santos,34.762000
2025-08-25,2025-08-29,Suape,34.164000
2025-08-25,2025-08-29,Santos,34.814000
2025-09-01,2025-09-05,Suape,34.684000
2025-09-01,2025-09-05,Santos,35.360000
2025-09-08,2025-09-12,Suape,34.294000
2025-09-08,2025-09-12,Santos,34.970000
2025-09-15,2025-09-19,Suape,34.242000
2025-09-15,2025-09-19,Santos,34.918000
2025-09-22,2025-09-26,Suape,34.528000
2025-09-22,2025-09-26,Santos,35.204000
2025-09-29,2025-10-03,Suape,33.488000
2025-09-29,2025-10-03,Santos,34.112000
2025-10-06,2025-10-10,Suape,32.396000
2025-10-06,2025-10-10,Santos,32.994000
2025-10-13,2025-10-17,Suape,30.030000
2025-10-13,2025-10-17,Santos,30.576000
2025-10-20,2025-10-24,Suape,29.718000
2025-10-20,2025-10-24,Santos,30.238000
2025-10-27,2025-10-31,Suape,31.304000
2025-10-27,2025-10-31,Santos,31.824000
2025-11-03,2025-11-07,Suape,31.278000
2025-11-03,2025-11-07,Santos,31.824000
2025-11-10,2025-11-14,Suape,30.394000
2025-11-10,2025-11-14,Santos,30.966000
2025-11-17,2025-11-21,Suape,31.096000
2025-11-17,2025-11-21,Santos,31.616000
2025-11-24,2025-11-28,Suape,31.109000
2025-11-24,2025-11-28,Santos,31.629000
2025-12-01,2025-12-05,Suape,32.994000
2025-12-01,2025-12-05,Santos,33.514000
2025-12-08,2025-12-12,Suape,33.878000
2025-12-08,2025-12-12,Santos,34.424000
2025-12-15,2025-12-19,Suape,32.838000
2025-12-15,2025-12-19,Santos,33.410000
2025-12-22,2025-12-26,Suape,33.150000
2025-12-22,2025-12-26,Santos,33.800000
2025-12-29,2026-01-02,Suape,32.630000
2025-12-29,2026-01-02,Santos,33.254000
2026-01-05,2026-01-09,Suape,31.044000
2026-01-05,2026-01-09,Santos,31.694000
2026-01-12,2026-01-16,Suape,31.486000
2026-01-12,2026-01-16,Santos,32.110000
2026-01-19,2026-01-23,Suape,32.279000
2026-01-19,2026-01-23,Santos,32.929000
2026-01-26,2026-01-30,Suape,32.396000
2026-01-26,2026-01-30,Santos,32.994000
2026-02-02,2026-02-06,Suape,33.020000
2026-02-02,2026-02-06,Santos,33.722000
2026-02-09,2026-02-13,Suape,32.266000
2026-02-09,2026-02-13,Santos,32.916000
2026-02-16,2026-02-20,Suape,31.564000
2026-02-16,2026-02-20,Santos,32.214000
2026-02-23,2026-02-27,Suape,32.058000
2026-02-23,2026-02-27,Santos,32.708000
2026-03-02,2026-03-06,Suape,38.402000
2026-03-02,2026-03-06,Santos,39.078000
2026-03-09,2026-03-13,Suape,44.148000
2026-03-09,2026-03-13,Santos,44.746000
2026-03-16,2026-03-20,Suape,47.684000
2026-03-16,2026-03-20,Santos,48.360000
2026-03-23,2026-03-27,Suape,50.674000
2026-03-23,2026-03-27,Santos,51.402000
2026-03-30,2026-04-03,Suape,49.205000
2026-03-30,2026-04-03,Santos,49.920000
2026-04-06,2026-04-10,Suape,46.098000
2026-04-06,2026-04-10,Santos,46.826000
2026-04-13,2026-04-17,Suape,48.490000
2026-04-13,2026-04-17,Santos,49.296000
2026-04-20,2026-04-24,Suape,46.852000
2026-04-20,2026-04-24,Santos,47.736000
2026-04-27,2026-05-01,Suape,45.474000
2026-04-27,2026-05-01,Santos,46.384000
2026-05-04,2026-05-08,Suape,46.592000
2026-05-04,2026-05-08,Santos,47.632000
2026-05-11,2026-05-15,Suape,47.216000
2026-05-11,2026-05-15,Santos,48.412000
2026-05-18,2026-05-22,Suape,46.592000
2026-05-18,2026-05-22,Santos,47.866000
2026-05-25,2026-05-29,Suape,44.850000
2026-05-25,2026-05-29,Santos,46.150000
2026-06-01,2026-06-05,Suape,45.162000
2026-06-01,2026-06-05,Santos,46.332000
2026-06-08,2026-06-12,Suape,41.990000
2026-06-08,2026-06-12,Santos,43.082000
2026-06-15,2026-06-19,Suape,39.299000
2026-06-15,2026-06-19,Santos,40.339000
2026-06-22,2026-06-26,Suape,35.750000
2026-06-22,2026-06-26,Santos,36.582000
2026-06-29,2026-07-03,Suape,34.164000
2026-06-29,2026-07-03,Santos,34.840000
2026-07-06,2026-07-10,Suape,35.256000
2026-07-06,2026-07-10,Santos,36.062000
2026-07-13,2026-07-17,Suape,37.622000
2026-07-13,2026-07-17,Santos,38.610000
